* 산물코드(productno)는 결과값을 확인하는 용도로 제공해드립니다. 요청사항은 코드통합sheet를 이용해주시기 바랍니다.,,,,,,,,,,,
산물번호,산물분류명,산물분류코드,품목분류명,품목분류코드,품목명,품목코드,품종명,품종코드,산물등급명,산물등급코드,산물부류별_단위
1537,소매,01,식량작물,100,쌀,111,10kg,10,상품,04,10kg
1556,소매,01,식량작물,100,쌀,111,10kg(햅쌀),11,상품,04,10kg
272,소매,01,식량작물,100,쌀,111,20kg,01,상품,04,20kg
273,소매,01,식량작물,100,쌀,111,20kg(햅쌀),05,상품,04,20kg
1,중도매,02,식량작물,100,쌀,111,20kg,01,상품,04,20kg
2,중도매,02,식량작물,100,쌀,111,20kg,01,중품,05,20kg
3,중도매,02,식량작물,100,쌀,111,20kg(햅쌀),05,상품,04,20kg
4,중도매,02,식량작물,100,쌀,111,20kg(햅쌀),05,중품,05,20kg
1401,친환경농산물(신규),07,식량작물,100,쌀,111,백미,02,무농약,08,4kg
1400,친환경농산물(신규),07,식량작물,100,쌀,111,백미,02,유기농,07,4kg
1403,친환경농산물(신규),07,식량작물,100,쌀,111,현미,03,무농약,08,2kg
1402,친환경농산물(신규),07,식량작물,100,쌀,111,현미,03,유기농,07,2kg
274,소매,01,식량작물,100,찹쌀,112,일반계,01,상품,04,1kg
5,중도매,02,식량작물,100,찹쌀,112,일반계,01,상품,04,40kg
6,중도매,02,식량작물,100,찹쌀,112,일반계,01,중품,05,40kg
1405,친환경농산물(신규),07,식량작물,100,찹쌀,112,일반계,01,무농약,08,1kg
1404,친환경농산물(신규),07,식량작물,100,찹쌀,112,일반계,01,유기농,07,1kg
1407,친환경농산물(신규),07,식량작물,100,혼합곡,113,혼합곡,00,무농약,08,800g
1406,친환경농산물(신규),07,식량작물,100,혼합곡,113,혼합곡,00,유기농,07,800g
1960,친환경농산물(신규),07,식량작물,100,기장,114,기장,01,무농약,08,400g
1959,친환경농산물(신규),07,식량작물,100,기장,114,기장,01,유기농,07,400g
275,소매,01,식량작물,100,콩,141,흰 콩(국산),01,상품,04,500g
276,소매,01,식량작물,100,콩,141,흰 콩(국산),01,중품,05,500g
10,중도매,02,식량작물,100,콩,141,콩나물콩,02,상품,04,35kg
11,중도매,02,식량작물,100,콩,141,콩나물콩,02,중품,05,35kg
8,중도매,02,식량작물,100,콩,141,흰 콩(국산),01,상품,04,40kg
9,중도매,02,식량작물,100,콩,141,흰 콩(국산),01,중품,05,40kg
12,중도매,02,식량작물,100,콩,141,흰 콩(수입),03,중품,05,35kg
1942,친환경농산물(신규),07,식량작물,100,콩,141,흰 콩(국산),01,무농약,08,500g
1941,친환경농산물(신규),07,식량작물,100,콩,141,흰 콩(국산),01,유기농,07,500g
277,소매,01,식량작물,100,팥,142,붉은 팥(국산),00,상품,04,500g
278,소매,01,식량작물,100,팥,142,붉은 팥(국산),00,중품,05,500g
13,중도매,02,식량작물,100,팥,142,붉은 팥(국산),00,상품,04,40kg
14,중도매,02,식량작물,100,팥,142,붉은 팥(국산),00,중품,05,40kg
15,중도매,02,식량작물,100,팥,142,붉은 팥(수입),01,중품,05,40kg
279,소매,01,식량작물,100,녹두,143,국산,00,상품,04,500g
280,소매,01,식량작물,100,녹두,143,국산,00,중품,05,500g
16,중도매,02,식량작물,100,녹두,143,국산,00,상품,04,40kg
17,중도매,02,식량작물,100,녹두,143,국산,00,중품,05,40kg
18,중도매,02,식량작물,100,녹두,143,수입,01,중품,05,40kg
19,중도매,02,식량작물,100,메밀,144,메밀(수입),01,중품,05,1kg
281,소매,01,식량작물,100,고구마,151,밤,00,상품,04,1kg
282,소매,01,식량작물,100,고구마,151,밤,00,중품,05,1kg
20,중도매,02,식량작물,100,고구마,151,밤,00,상품,04,10kg
21,중도매,02,식량작물,100,고구마,151,밤,00,중품,05,10kg
1399,친환경농산물(신규),07,식량작물,100,고구마,151,밤,00,무농약,08,800g
1398,친환경농산물(신규),07,식량작물,100,고구마,151,밤,00,유기농,07,800g
283,소매,01,식량작물,100,감자,152,감자,00,상품,04,1kg
284,소매,01,식량작물,100,감자,152,감자,00,중품,05,1kg
2251,소매,01,식량작물,100,감자,152,기타(노지),06,상품,04,100g
2252,소매,01,식량작물,100,감자,152,기타(노지),06,중품,05,100g
2249,소매,01,식량작물,100,감자,152,기타(시설),05,상품,04,100g
2250,소매,01,식량작물,100,감자,152,기타(시설),05,중품,05,100g
1898,소매,01,식량작물,100,감자,152,노지,03,상품,04,100g
1899,소매,01,식량작물,100,감자,152,노지,03,중품,05,100g
287,소매,01,식량작물,100,감자,152,대지마,02,상품,04,100g
288,소매,01,식량작물,100,감자,152,대지마,02,중품,05,100g
285,소매,01,식량작물,100,감자,152,수미(노지),01,상품,04,100g
286,소매,01,식량작물,100,감자,152,수미(노지),01,중품,05,100g
1902,소매,01,식량작물,100,감자,152,수미(시설),04,상품,04,100g
1903,소매,01,식량작물,100,감자,152,수미(시설),04,중품,05,100g
22,중도매,02,식량작물,100,감자,152,감자,00,상품,04,20kg
23,중도매,02,식량작물,100,감자,152,감자,00,중품,05,20kg
2247,중도매,02,식량작물,100,감자,152,기타(노지),06,상품,04,20kg
2248,중도매,02,식량작물,100,감자,152,기타(노지),06,중품,05,20kg
2245,중도매,02,식량작물,100,감자,152,기타(시설),05,상품,04,20kg
2246,중도매,02,식량작물,100,감자,152,기타(시설),05,중품,05,20kg
1896,중도매,02,식량작물,100,감자,152,노지,03,상품,04,20kg
1897,중도매,02,식량작물,100,감자,152,노지,03,중품,05,20kg
26,중도매,02,식량작물,100,감자,152,대지마,02,상품,04,20kg
27,중도매,02,식량작물,100,감자,152,대지마,02,중품,05,20kg
24,중도매,02,식량작물,100,감자,152,수미(노지),01,상품,04,20kg
25,중도매,02,식량작물,100,감자,152,수미(노지),01,중품,05,20kg
1900,중도매,02,식량작물,100,감자,152,수미(시설),04,상품,04,20kg
1901,중도매,02,식량작물,100,감자,152,수미(시설),04,중품,05,20kg
1397,친환경농산물(신규),07,식량작물,100,감자,152,수미(노지),01,무농약,08,1kg
1396,친환경농산물(신규),07,식량작물,100,감자,152,수미(노지),01,유기농,07,1kg
1409,친환경농산물(신규),07,식량작물,100,귀리,161,귀리,01,무농약,08,1kg
1408,친환경농산물(신규),07,식량작물,100,귀리,161,귀리,01,유기농,07,1kg
1411,친환경농산물(신규),07,식량작물,100,보리,162,보리,01,무농약,08,800g
1410,친환경농산물(신규),07,식량작물,100,보리,162,보리,01,유기농,07,800g
1413,친환경농산물(신규),07,식량작물,100,수수,163,수수,01,무농약,08,400g
1412,친환경농산물(신규),07,식량작물,100,수수,163,수수,01,유기농,07,400g
1415,친환경농산물(신규),07,식량작물,100,율무,164,율무,01,무농약,08,400g
1414,친환경농산물(신규),07,식량작물,100,율무,164,율무,01,유기농,07,400g
293,소매,01,채소류,200,배추,211,가을,03,상품,04,1포기
294,소매,01,채소류,200,배추,211,가을,03,중품,05,1포기
289,소매,01,채소류,200,배추,211,봄,01,상품,04,1포기
290,소매,01,채소류,200,배추,211,봄,01,중품,05,1포기
291,소매,01,채소류,200,배추,211,여름(고랭지),02,상품,04,1포기
292,소매,01,채소류,200,배추,211,여름(고랭지),02,중품,05,1포기
295,소매,01,채소류,200,배추,211,월동,06,상품,04,1포기
296,소매,01,채소류,200,배추,211,월동,06,중품,05,1포기
32,중도매,02,채소류,200,배추,211,가을,03,상품,04,10kg(그물망 3포기)
33,중도매,02,채소류,200,배추,211,가을,03,중품,05,10kg(그물망 3포기)
28,중도매,02,채소류,200,배추,211,봄,01,상품,04,10kg(그물망 3포기)
29,중도매,02,채소류,200,배추,211,봄,01,중품,05,10kg(그물망 3포기)
30,중도매,02,채소류,200,배추,211,여름(고랭지),02,상품,04,10kg(그물망 3포기)
31,중도매,02,채소류,200,배추,211,여름(고랭지),02,중품,05,10kg(그물망 3포기)
34,중도매,02,채소류,200,배추,211,월동,06,상품,04,10kg(그물망 3포기)
35,중도매,02,채소류,200,배추,211,월동,06,중품,05,10kg(그물망 3포기)
1429,친환경농산물(신규),07,채소류,200,배추,211,봄,01,무농약,08,100g
1428,친환경농산물(신규),07,채소류,200,배추,211,봄,01,유기농,07,100g
297,소매,01,채소류,200,양배추,212,양배추,00,상품,04,1포기
298,소매,01,채소류,200,양배추,212,양배추,00,중품,05,1포기
36,중도매,02,채소류,200,양배추,212,양배추,00,상품,04,8kg
37,중도매,02,채소류,200,양배추,212,양배추,00,중품,05,8kg
1441,친환경농산물(신규),07,채소류,200,양배추,212,양배추,00,무농약,08,1kg
1440,친환경농산물(신규),07,채소류,200,양배추,212,양배추,00,유기농,07,1kg
299,소매,01,채소류,200,시금치,213,시금치,00,상품,04,100g
300,소매,01,채소류,200,시금치,213,시금치,00,중품,05,100g
38,중도매,02,채소류,200,시금치,213,시금치,00,상품,04,4kg
39,중도매,02,채소류,200,시금치,213,시금치,00,중품,05,4kg
1439,친환경농산물(신규),07,채소류,200,시금치,213,시금치,00,무농약,08,200g
1438,친환경농산물(신규),07,채소류,200,시금치,213,시금치,00,유기농,07,200g
301,소매,01,채소류,200,상추,214,적,01,상품,04,100g
302,소매,01,채소류,200,상추,214,적,01,중품,05,100g
303,소매,01,채소류,200,상추,214,청,02,상품,04,100g
304,소매,01,채소류,200,상추,214,청,02,중품,05,100g
40,중도매,02,채소류,200,상추,214,적,01,상품,04,4kg
41,중도매,02,채소류,200,상추,214,적,01,중품,05,4kg
42,중도매,02,채소류,200,상추,214,청,02,상품,04,4kg
43,중도매,02,채소류,200,상추,214,청,02,중품,05,4kg
1435,친환경농산물(신규),07,채소류,200,상추,214,적,01,무농약,08,150g
1434,친환경농산물(신규),07,채소류,200,상추,214,적,01,유기농,07,150g
1437,친환경농산물(신규),07,채소류,200,상추,214,청,02,무농약,08,150g
1436,친환경농산물(신규),07,채소류,200,상추,214,청,02,유기농,07,150g
305,소매,01,채소류,200,얼갈이배추,215,얼갈이배추,00,상품,04,1kg
306,소매,01,채소류,200,얼갈이배추,215,얼갈이배추,00,중품,05,1kg
44,중도매,02,채소류,200,얼갈이배추,215,얼갈이배추,00,상품,04,4kg
45,중도매,02,채소류,200,얼갈이배추,215,얼갈이배추,00,중품,05,4kg
682,소매,01,채소류,200,갓,216,갓,00,상품,04,1kg
1962,친환경농산물(신규),07,채소류,200,연근,217,연근,01,무농약,08,100g
1961,친환경농산물(신규),07,채소류,200,연근,217,연근,01,유기농,07,100g
1965,친환경농산물(신규),07,채소류,200,우엉,218,우엉,01,무농약,08,300g
1963,친환경농산물(신규),07,채소류,200,우엉,218,우엉,01,유기농,07,300g
307,소매,01,채소류,200,수박,221,수박,00,상품,04,1개
308,소매,01,채소류,200,수박,221,수박,00,중품,05,1개
46,중도매,02,채소류,200,수박,221,수박,00,상품,04,1개
47,중도매,02,채소류,200,수박,221,수박,00,중품,05,1개
1968,친환경농산물(신규),07,채소류,200,수박,221,수박,00,무농약,08,1개
1955,친환경농산물(신규),07,채소류,200,수박,221,수박,00,유기농,07,1개
309,소매,01,채소류,200,참외,222,참외,00,상품,04,10개
310,소매,01,채소류,200,참외,222,참외,00,중품,05,10개
48,중도매,02,채소류,200,참외,222,참외,00,상품,04,10kg
49,중도매,02,채소류,200,참외,222,참외,00,중품,05,10kg
1946,친환경농산물(신규),07,채소류,200,참외,222,참외,00,무농약,08,1kg
1945,친환경농산물(신규),07,채소류,200,참외,222,참외,00,유기농,07,1kg
311,소매,01,채소류,200,오이,223,가시계통,01,상품,04,10개
312,소매,01,채소류,200,오이,223,가시계통,01,중품,05,10개
313,소매,01,채소류,200,오이,223,다다기계통,02,상품,04,10개
314,소매,01,채소류,200,오이,223,다다기계통,02,중품,05,10개
315,소매,01,채소류,200,오이,223,취청,03,상품,04,10개
316,소매,01,채소류,200,오이,223,취청,03,중품,05,10개
50,중도매,02,채소류,200,오이,223,가시계통,01,상품,04,10kg
51,중도매,02,채소류,200,오이,223,가시계통,01,중품,05,10kg
52,중도매,02,채소류,200,오이,223,다다기계통,02,상품,04,100개
53,중도매,02,채소류,200,오이,223,다다기계통,02,중품,05,100개
54,중도매,02,채소류,200,오이,223,취청,03,상품,04,50개
55,중도매,02,채소류,200,오이,223,취청,03,중품,05,50개
1948,친환경농산물(신규),07,채소류,200,오이,223,다다기계통,02,무농약,08,10개
1947,친환경농산물(신규),07,채소류,200,오이,223,다다기계통,02,유기농,07,10개
317,소매,01,채소류,200,호박,224,애호박,01,상품,04,1개
318,소매,01,채소류,200,호박,224,애호박,01,중품,05,1개
319,소매,01,채소류,200,호박,224,쥬키니,02,상품,04,1개
320,소매,01,채소류,200,호박,224,쥬키니,02,중품,05,1개
56,중도매,02,채소류,200,호박,224,애호박,01,상품,04,20개
57,중도매,02,채소류,200,호박,224,애호박,01,중품,05,20개
58,중도매,02,채소류,200,호박,224,쥬키니,02,상품,04,10kg
59,중도매,02,채소류,200,호박,224,쥬키니,02,중품,05,10kg
1465,친환경농산물(신규),07,채소류,200,호박,224,단호박,03,무농약,08,1kg
1464,친환경농산물(신규),07,채소류,200,호박,224,단호박,03,유기농,07,1kg
1467,친환경농산물(신규),07,채소류,200,호박,224,애호박,01,무농약,08,200g
1466,친환경농산물(신규),07,채소류,200,호박,224,애호박,01,유기농,07,200g
321,소매,01,채소류,200,토마토,225,토마토,00,상품,04,1kg
322,소매,01,채소류,200,토마토,225,토마토,00,중품,05,1kg
60,중도매,02,채소류,200,토마토,225,토마토,00,상품,04,5kg
61,중도매,02,채소류,200,토마토,225,토마토,00,중품,05,5kg
1453,친환경농산물(신규),07,채소류,200,토마토,225,토마토,00,무농약,08,1kg
1452,친환경농산물(신규),07,채소류,200,토마토,225,토마토,00,유기농,07,1kg
323,소매,01,채소류,200,딸기,226,딸기,00,상품,04,100g
324,소매,01,채소류,200,딸기,226,딸기,00,중품,05,100g
62,중도매,02,채소류,200,딸기,226,딸기,00,상품,04,2kg
63,중도매,02,채소류,200,딸기,226,딸기,00,중품,05,2kg
1423,친환경농산물(신규),07,채소류,200,딸기,226,딸기,00,무농약,08,500g
1422,친환경농산물(신규),07,채소류,200,딸기,226,딸기,00,유기농,07,500g
329,소매,01,채소류,200,무,231,가을,03,상품,04,1개
330,소매,01,채소류,200,무,231,가을,03,중품,05,1개
327,소매,01,채소류,200,무,231,고랭지,02,상품,04,1개
328,소매,01,채소류,200,무,231,고랭지,02,중품,05,1개
325,소매,01,채소류,200,무,231,봄,01,상품,04,1개
326,소매,01,채소류,200,무,231,봄,01,중품,05,1개
331,소매,01,채소류,200,무,231,월동,06,상품,04,1개
332,소매,01,채소류,200,무,231,월동,06,중품,05,1개
68,중도매,02,채소류,200,무,231,가을,03,상품,04,20kg
69,중도매,02,채소류,200,무,231,가을,03,중품,05,20kg
66,중도매,02,채소류,200,무,231,고랭지,02,상품,04,20kg
67,중도매,02,채소류,200,무,231,고랭지,02,중품,05,20kg
64,중도매,02,채소류,200,무,231,봄,01,상품,04,20kg
65,중도매,02,채소류,200,무,231,봄,01,중품,05,20kg
70,중도매,02,채소류,200,무,231,월동,06,상품,04,20kg
71,중도매,02,채소류,200,무,231,월동,06,중품,05,20kg
1427,친환경농산물(신규),07,채소류,200,무,231,봄,01,무농약,08,800g
1426,친환경농산물(신규),07,채소류,200,무,231,봄,01,유기농,07,800g
333,소매,01,채소류,200,당근,232,당근,00,상품,04,1kg
334,소매,01,채소류,200,당근,232,당근,00,중품,05,1kg
335,소매,01,채소류,200,당근,232,무세척,01,상품,04,1kg
336,소매,01,채소류,200,당근,232,무세척,01,중품,05,1kg
337,소매,01,채소류,200,당근,232,세척,02,상품,04,1kg
338,소매,01,채소류,200,당근,232,세척,02,중품,05,1kg
72,중도매,02,채소류,200,당근,232,당근,00,상품,04,20kg
73,중도매,02,채소류,200,당근,232,당근,00,중품,05,20kg
74,중도매,02,채소류,200,당근,232,무세척,01,상품,04,20kg
75,중도매,02,채소류,200,당근,232,무세척,01,중품,05,20kg
76,중도매,02,채소류,200,당근,232,세척,02,상품,04,20kg
77,중도매,02,채소류,200,당근,232,세척,02,중품,05,20kg
78,중도매,02,채소류,200,당근,232,세척(수입),10,중품,05,10kg
1421,친환경농산물(신규),07,채소류,200,당근,232,당근,00,무농약,08,500g
1420,친환경농산물(신규),07,채소류,200,당근,232,당근,00,유기농,07,500g
339,소매,01,채소류,200,열무,233,열무,00,상품,04,1kg
340,소매,01,채소류,200,열무,233,열무,00,중품,05,1kg
79,중도매,02,채소류,200,열무,233,열무,00,상품,04,4kg
80,중도매,02,채소류,200,열무,233,열무,00,중품,05,4kg
345,소매,01,채소류,200,건고추,241,양건(~23.5),02,상품,04,600g
346,소매,01,채소류,200,건고추,241,양건(~23.5),02,중품,05,600g
347,소매,01,채소류,200,건고추,241,햇산양건(~23.5),03,상품,04,600g
348,소매,01,채소류,200,건고추,241,햇산양건(~23.5),03,중품,05,600g
343,소매,01,채소류,200,건고추,241,햇산화건,01,상품,04,600g
344,소매,01,채소류,200,건고추,241,햇산화건,01,중품,05,600g
341,소매,01,채소류,200,건고추,241,화건,00,상품,04,600g
342,소매,01,채소류,200,건고추,241,화건,00,중품,05,600g
89,중도매,02,채소류,200,건고추,241,수입,10,중품,05,1kg
85,중도매,02,채소류,200,건고추,241,양건(~23.5),02,상품,04,30kg
86,중도매,02,채소류,200,건고추,241,양건(~23.5),02,중품,05,30kg
87,중도매,02,채소류,200,건고추,241,햇산양건(~23.5),03,상품,04,30kg
88,중도매,02,채소류,200,건고추,241,햇산양건(~23.5),03,중품,05,30kg
83,중도매,02,채소류,200,건고추,241,햇산화건,01,상품,04,30kg
84,중도매,02,채소류,200,건고추,241,햇산화건,01,중품,05,30kg
81,중도매,02,채소류,200,건고추,241,화건,00,상품,04,30kg
82,중도매,02,채소류,200,건고추,241,화건,00,중품,05,30kg
351,소매,01,채소류,200,풋고추,242,꽈리고추,02,상품,04,100g
352,소매,01,채소류,200,풋고추,242,꽈리고추,02,중품,05,100g
1998,소매,01,채소류,200,풋고추,242,오이맛고추,04,상품,04,100g
1999,소매,01,채소류,200,풋고추,242,오이맛고추,04,중품,05,100g
353,소매,01,채소류,200,풋고추,242,청양고추,03,상품,04,100g
354,소매,01,채소류,200,풋고추,242,청양고추,03,중품,05,100g
349,소매,01,채소류,200,풋고추,242,풋고추(녹광 등),00,상품,04,100g
350,소매,01,채소류,200,풋고추,242,풋고추(녹광 등),00,중품,05,100g
92,중도매,02,채소류,200,풋고추,242,꽈리고추,02,상품,04,4kg
93,중도매,02,채소류,200,풋고추,242,꽈리고추,02,중품,05,4kg
1996,중도매,02,채소류,200,풋고추,242,오이맛고추,04,상품,04,10kg
1997,중도매,02,채소류,200,풋고추,242,오이맛고추,04,중품,05,10kg
94,중도매,02,채소류,200,풋고추,242,청양고추,03,상품,04,10kg
95,중도매,02,채소류,200,풋고추,242,청양고추,03,중품,05,10kg
90,중도매,02,채소류,200,풋고추,242,풋고추(녹광 등),00,상품,04,10kg
91,중도매,02,채소류,200,풋고추,242,풋고추(녹광 등),00,중품,05,10kg
1463,친환경농산물(신규),07,채소류,200,풋고추,242,꽈리고추,02,무농약,08,150g
1462,친환경농산물(신규),07,채소류,200,풋고추,242,꽈리고추,02,유기농,07,150g
1461,친환경농산물(신규),07,채소류,200,풋고추,242,오이맛고추,04,무농약,08,150g
1460,친환경농산물(신규),07,채소류,200,풋고추,242,오이맛고추,04,유기농,07,150g
1459,친환경농산물(신규),07,채소류,200,풋고추,242,청양고추,03,무농약,08,100g
1458,친환경농산물(신규),07,채소류,200,풋고추,242,청양고추,03,유기농,07,100g
1457,친환경농산물(신규),07,채소류,200,풋고추,242,풋고추(녹광 등),00,무농약,08,150g
1456,친환경농산물(신규),07,채소류,200,풋고추,242,풋고추(녹광 등),00,유기농,07,150g
355,소매,01,채소류,200,붉은고추,243,붉은고추,00,상품,04,100g
356,소매,01,채소류,200,붉은고추,243,붉은고추,00,중품,05,100g
96,중도매,02,채소류,200,붉은고추,243,붉은고추,00,상품,04,10kg
97,중도매,02,채소류,200,붉은고추,243,붉은고추,00,중품,05,10kg
359,소매,01,채소류,200,피마늘,244,쪽마늘,08,상품,04,1kg
360,소매,01,채소류,200,피마늘,244,쪽마늘,08,중품,05,1kg
104,중도매,02,채소류,200,피마늘,244,난지,04,상품,04,10kg
105,중도매,02,채소류,200,피마늘,244,난지,04,중품,05,10kg
1502,중도매,02,채소류,200,피마늘,244,난지(남도),24,상품,04,10kg
1503,중도매,02,채소류,200,피마늘,244,난지(남도),24,중품,05,10kg
1498,중도매,02,채소류,200,피마늘,244,난지(대서),22,상품,04,10kg
1499,중도매,02,채소류,200,피마늘,244,난지(대서),22,중품,05,10kg
100,중도매,02,채소류,200,피마늘,244,난지1접,02,상품,04,1접
101,중도매,02,채소류,200,피마늘,244,난지1접,02,중품,05,1접
112,중도매,02,채소류,200,피마늘,244,쪽마늘,08,상품,04,
113,중도매,02,채소류,200,피마늘,244,쪽마늘,08,중품,05,
102,중도매,02,채소류,200,피마늘,244,한지,03,상품,04,10kg
103,중도매,02,채소류,200,피마늘,244,한지,03,중품,05,10kg
98,중도매,02,채소류,200,피마늘,244,한지1접,01,상품,04,1접
99,중도매,02,채소류,200,피마늘,244,한지1접,01,중품,05,1접
998,중도매,02,채소류,200,피마늘,244,햇난지,12,상품,04,10kg
999,중도매,02,채소류,200,피마늘,244,햇난지,12,중품,05,10kg
1500,중도매,02,채소류,200,피마늘,244,햇난지(남도),23,상품,04,10kg
1501,중도매,02,채소류,200,피마늘,244,햇난지(남도),23,중품,05,10kg
1496,중도매,02,채소류,200,피마늘,244,햇난지(대서),21,상품,04,10kg
1497,중도매,02,채소류,200,피마늘,244,햇난지(대서),21,중품,05,10kg
110,중도매,02,채소류,200,피마늘,244,햇난지1접,07,상품,04,1접
111,중도매,02,채소류,200,피마늘,244,햇난지1접,07,중품,05,1접
996,중도매,02,채소류,200,피마늘,244,햇한지,11,상품,04,10kg
997,중도매,02,채소류,200,피마늘,244,햇한지,11,중품,05,10kg
108,중도매,02,채소류,200,피마늘,244,햇한지1접,06,상품,04,1접
109,중도매,02,채소류,200,피마늘,244,햇한지1접,06,중품,05,1접
361,소매,01,채소류,200,양파,245,양파,00,상품,04,1kg
362,소매,01,채소류,200,양파,245,양파,00,중품,05,1kg
363,소매,01,채소류,200,양파,245,햇양파,02,상품,04,1kg
364,소매,01,채소류,200,양파,245,햇양파,02,중품,05,1kg
121,중도매,02,채소류,200,양파,245,수입,10,중품,05,20kg
117,중도매,02,채소류,200,양파,245,양파,00,상품,04,15kg
118,중도매,02,채소류,200,양파,245,양파,00,중품,05,15kg
119,중도매,02,채소류,200,양파,245,햇양파,02,상품,04,15kg
120,중도매,02,채소류,200,양파,245,햇양파,02,중품,05,15kg
1445,친환경농산물(신규),07,채소류,200,양파,245,양파,00,무농약,08,1kg
1444,친환경농산물(신규),07,채소류,200,양파,245,양파,00,유기농,07,1kg
365,소매,01,채소류,200,파,246,대파,00,상품,04,1kg
366,소매,01,채소류,200,파,246,대파,00,중품,05,1kg
367,소매,01,채소류,200,파,246,쪽파,02,상품,04,1kg
368,소매,01,채소류,200,파,246,쪽파,02,중품,05,1kg
122,중도매,02,채소류,200,파,246,대파,00,상품,04,1kg
123,중도매,02,채소류,200,파,246,대파,00,중품,05,1kg
124,중도매,02,채소류,200,파,246,쪽파,02,상품,04,1kg
125,중도매,02,채소류,200,파,246,쪽파,02,중품,05,1kg
1455,친환경농산물(신규),07,채소류,200,파,246,대파,00,무농약,08,300g
1454,친환경농산물(신규),07,채소류,200,파,246,대파,00,유기농,07,300g
369,소매,01,채소류,200,생강,247,국산,00,상품,04,1kg
370,소매,01,채소류,200,생강,247,국산,00,중품,05,1kg
126,중도매,02,채소류,200,생강,247,국산,00,상품,04,10kg
127,중도매,02,채소류,200,생강,247,국산,00,중품,05,10kg
128,중도매,02,채소류,200,생강,247,수입,01,중품,05,10kg
1950,친환경농산물(신규),07,채소류,200,생강,247,국산,00,무농약,08,200g
1949,친환경농산물(신규),07,채소류,200,생강,247,국산,00,유기농,07,200g
679,소매,01,채소류,200,고춧가루,248,국산,00,상품,04,1kg
680,소매,01,채소류,200,고춧가루,248,중국,01,상품,04,1kg
371,소매,01,채소류,200,가지,251,가지,00,상품,04,10개
372,소매,01,채소류,200,가지,251,가지,00,중품,05,10개
129,중도매,02,채소류,200,가지,251,가지,00,상품,04,10kg
130,중도매,02,채소류,200,가지,251,가지,00,중품,05,10kg
1417,친환경농산물(신규),07,채소류,200,가지,251,가지,00,무농약,08,200g
1416,친환경농산물(신규),07,채소류,200,가지,251,가지,00,유기농,07,200g
373,소매,01,채소류,200,미나리,252,미나리,00,상품,04,100g
374,소매,01,채소류,200,미나리,252,미나리,00,중품,05,100g
131,중도매,02,채소류,200,미나리,252,미나리,00,상품,04,7.5kg
132,중도매,02,채소류,200,미나리,252,미나리,00,중품,05,7.5kg
375,소매,01,채소류,200,깻잎,253,깻잎,00,상품,04,100g
376,소매,01,채소류,200,깻잎,253,깻잎,00,중품,05,100g
133,중도매,02,채소류,200,깻잎,253,깻잎,00,상품,04,2kg
134,중도매,02,채소류,200,깻잎,253,깻잎,00,중품,05,2kg
1419,친환경농산물(신규),07,채소류,200,깻잎,253,깻잎,00,무농약,08,30g
1418,친환경농산물(신규),07,채소류,200,깻잎,253,깻잎,00,유기농,07,30g
377,소매,01,채소류,200,부추,254,부추,00,상품,04,1kg
378,소매,01,채소류,200,부추,254,부추,00,중품,05,1kg
135,중도매,02,채소류,200,부추,254,부추,00,상품,04,1kg
136,중도매,02,채소류,200,부추,254,부추,00,중품,05,1kg
1431,친환경농산물(신규),07,채소류,200,부추,254,부추,00,무농약,08,200g
1430,친환경농산물(신규),07,채소류,200,부추,254,부추,00,유기농,07,200g
379,소매,01,채소류,200,피망,255,청,00,상품,04,100g
380,소매,01,채소류,200,피망,255,청,00,중품,05,100g
137,중도매,02,채소류,200,피망,255,청,00,상품,04,10kg
138,중도매,02,채소류,200,피망,255,청,00,중품,05,10kg
381,소매,01,채소류,200,파프리카,256,파프리카,00,상품,04,200g
382,소매,01,채소류,200,파프리카,256,파프리카,00,중품,05,200g
139,중도매,02,채소류,200,파프리카,256,파프리카,00,상품,04,5kg
140,중도매,02,채소류,200,파프리카,256,파프리카,00,중품,05,5kg
383,소매,01,채소류,200,멜론,257,멜론,00,상품,04,1개
384,소매,01,채소류,200,멜론,257,멜론,00,중품,05,1개
141,중도매,02,채소류,200,멜론,257,멜론,00,상품,04,8kg
142,중도매,02,채소류,200,멜론,257,멜론,00,중품,05,8kg
1952,친환경농산물(신규),07,채소류,200,멜론,257,멜론,00,무농약,08,1개
1951,친환경농산물(신규),07,채소류,200,멜론,257,멜론,00,유기농,07,1개
357,소매,01,채소류,200,깐마늘(국산),258,깐마늘(국산),01,상품,04,1kg
358,소매,01,채소류,200,깐마늘(국산),258,깐마늘(국산),01,중품,05,1kg
106,중도매,02,채소류,200,깐마늘(국산),258,깐마늘(국산),01,상품,04,20kg
107,중도매,02,채소류,200,깐마늘(국산),258,깐마늘(국산),01,중품,05,20kg
1003,중도매,02,채소류,200,깐마늘(국산),258,깐마늘(남도),05,상품,04,20kg
1004,중도매,02,채소류,200,깐마늘(국산),258,깐마늘(남도),05,중품,05,20kg
1001,중도매,02,채소류,200,깐마늘(국산),258,깐마늘(대서),03,상품,04,20kg
1002,중도매,02,채소류,200,깐마늘(국산),258,깐마늘(대서),03,중품,05,20kg
1506,중도매,02,채소류,200,깐마늘(국산),258,햇깐마늘(남도),06,상품,04,20kg
1507,중도매,02,채소류,200,깐마늘(국산),258,햇깐마늘(남도),06,중품,05,20kg
1504,중도매,02,채소류,200,깐마늘(국산),258,햇깐마늘(대서),04,상품,04,20kg
1505,중도매,02,채소류,200,깐마늘(국산),258,햇깐마늘(대서),04,중품,05,20kg
1425,친환경농산물(신규),07,채소류,200,깐마늘(국산),258,깐마늘(국산),01,무농약,08,600g
1424,친환경농산물(신규),07,채소류,200,깐마늘(국산),258,깐마늘(국산),01,유기농,07,600g
116,중도매,02,채소류,200,깐마늘(수입),259,깐마늘(수입),01,중품,05,1kg
114,중도매,02,채소류,200,깐마늘(수입),259,깐마늘(수입산),03,상품,04,20kg
115,중도매,02,채소류,200,깐마늘(수입),259,깐마늘(수입산),03,중품,05,20kg
1433,친환경농산물(신규),07,채소류,200,브로콜리,261,브로콜리,01,무농약,08,100g
1432,친환경농산물(신규),07,채소류,200,브로콜리,261,브로콜리,01,유기농,07,100g
1443,친환경농산물(신규),07,채소류,200,양상추,262,양상추,01,무농약,08,100g
1442,친환경농산물(신규),07,채소류,200,양상추,262,양상추,01,유기농,07,100g
1447,친환경농산물(신규),07,채소류,200,청경채,263,청경채,01,무농약,08,150g
1446,친환경농산물(신규),07,채소류,200,청경채,263,청경채,01,유기농,07,150g
1449,친환경농산물(신규),07,채소류,200,케일,264,케일,01,무농약,08,100g
1448,친환경농산물(신규),07,채소류,200,케일,264,케일,01,유기농,07,100g
1451,친환경농산물(신규),07,채소류,200,콩나물,265,콩나물,01,무농약,08,300g
1450,친환경농산물(신규),07,채소류,200,콩나물,265,콩나물,01,유기농,07,300g
2845,소매,01,채소류,200,절임배추,266,가을,03,상품,04,20kg
2846,소매,01,채소류,200,절임배추,266,가을,03,중품,05,20kg
2841,소매,01,채소류,200,절임배추,266,봄,01,상품,04,20kg
2842,소매,01,채소류,200,절임배추,266,봄,01,중품,05,20kg
2843,소매,01,채소류,200,절임배추,266,여름(고랭지),02,상품,04,20kg
2844,소매,01,채소류,200,절임배추,266,여름(고랭지),02,중품,05,20kg
2847,소매,01,채소류,200,절임배추,266,월동,04,상품,04,20kg
2848,소매,01,채소류,200,절임배추,266,월동,04,중품,05,20kg
2241,소매,01,채소류,200,알배기배추,279,알배기배추,00,상품,04,1포기
2242,소매,01,채소류,200,알배기배추,279,알배기배추,00,중품,05,1포기
2237,중도매,02,채소류,200,알배기배추,279,알배기배추,00,상품,04,8kg
2238,중도매,02,채소류,200,알배기배추,279,알배기배추,00,중품,05,8kg
2243,소매,01,채소류,200,브로콜리,280,브로콜리(국산),00,상품,04,1개
2244,소매,01,채소류,200,브로콜리,280,브로콜리(국산),00,중품,05,1개
2239,중도매,02,채소류,200,브로콜리,280,브로콜리(국산),00,상품,04,8kg
2240,중도매,02,채소류,200,브로콜리,280,브로콜리(국산),00,중품,05,8kg
437,소매,01,채소류,200,방울토마토,422,방울토마토,01,상품,04,1kg
438,소매,01,채소류,200,방울토마토,422,방울토마토,01,중품,05,1kg
248,중도매,02,채소류,200,방울토마토,422,방울토마토,01,상품,04,5kg
249,중도매,02,채소류,200,방울토마토,422,방울토마토,01,중품,05,5kg
1944,친환경농산물(신규),07,채소류,200,방울토마토,422,방울토마토,01,무농약,08,1kg
1943,친환경농산물(신규),07,채소류,200,방울토마토,422,방울토마토,01,유기농,07,1kg
1080,소매,01,채소류,200,방울토마토,422,대추방울토마토,02,상품,04,1kg
1081,소매,01,채소류,200,방울토마토,422,대추방울토마토,02,중품,05,1kg
1076,중도매,02,채소류,200,방울토마토,422,대추방울토마토,02,상품,04,1kg
1077,중도매,02,채소류,200,방울토마토,422,대추방울토마토,02,중품,05,1kg
385,소매,01,특용작물,300,참깨,312,백색(국산),01,상품,04,500g
386,소매,01,특용작물,300,참깨,312,백색(국산),01,중품,05,500g
613,소매,01,특용작물,300,참깨,312,인도,03,중품,05,500g
387,소매,01,특용작물,300,참깨,312,중국,02,중품,05,500g
143,중도매,02,특용작물,300,참깨,312,백색(국산),01,상품,04,30kg
144,중도매,02,특용작물,300,참깨,312,백색(국산),01,중품,05,30kg
612,중도매,02,특용작물,300,참깨,312,인도,03,중품,05,30kg
145,중도매,02,특용작물,300,참깨,312,중국,02,중품,05,30kg
146,중도매,02,특용작물,300,들깨,313,국산,01,상품,04,22.5kg
147,중도매,02,특용작물,300,들깨,313,국산,01,중품,05,22.5kg
148,중도매,02,특용작물,300,들깨,313,수입,02,중품,05,45kg
388,소매,01,특용작물,300,땅콩,314,국산,01,상품,04,100g
389,소매,01,특용작물,300,땅콩,314,국산,01,중품,05,100g
390,소매,01,특용작물,300,땅콩,314,수입,02,중품,05,100g
149,중도매,02,특용작물,300,땅콩,314,국산,01,상품,04,30kg
150,중도매,02,특용작물,300,땅콩,314,국산,01,중품,05,30kg
151,중도매,02,특용작물,300,땅콩,314,수입,02,중품,05,30kg
391,소매,01,특용작물,300,느타리버섯,315,느타리버섯,00,상품,04,100g
392,소매,01,특용작물,300,느타리버섯,315,느타리버섯,00,중품,05,100g
152,중도매,02,특용작물,300,느타리버섯,315,느타리버섯,00,상품,04,2kg
153,중도매,02,특용작물,300,느타리버섯,315,느타리버섯,00,중품,05,2kg
1957,친환경농산물(신규),07,특용작물,300,느타리버섯,315,느타리버섯,00,무농약,08,200g
1956,친환경농산물(신규),07,특용작물,300,느타리버섯,315,느타리버섯,00,유기농,07,200g
1011,소매,01,특용작물,300,느타리버섯,315,애느타리버섯,01,상품,04,100g
1012,소매,01,특용작물,300,느타리버섯,315,애느타리버섯,01,중품,05,100g
1005,중도매,02,특용작물,300,느타리버섯,315,애느타리버섯,01,상품,04,2kg
1006,중도매,02,특용작물,300,느타리버섯,315,애느타리버섯,01,중품,05,2kg
393,소매,01,특용작물,300,팽이버섯,316,팽이버섯,00,상품,04,150g
394,소매,01,특용작물,300,팽이버섯,316,팽이버섯,00,중품,05,150g
154,중도매,02,특용작물,300,팽이버섯,316,팽이버섯,00,상품,04,5kg
155,중도매,02,특용작물,300,팽이버섯,316,팽이버섯,00,중품,05,5kg
1481,친환경농산물(신규),07,특용작물,300,팽이버섯,316,팽이버섯,00,무농약,08,150g
1480,친환경농산물(신규),07,특용작물,300,팽이버섯,316,팽이버섯,00,유기농,07,150g
395,소매,01,특용작물,300,새송이버섯,317,새송이버섯,00,상품,04,100g
396,소매,01,특용작물,300,새송이버섯,317,새송이버섯,00,중품,05,100g
156,중도매,02,특용작물,300,새송이버섯,317,새송이버섯,00,상품,04,2kg
157,중도매,02,특용작물,300,새송이버섯,317,새송이버섯,00,중품,05,2kg
1477,친환경농산물(신규),07,특용작물,300,새송이버섯,317,새송이버섯,00,무농약,08,300g
1476,친환경농산물(신규),07,특용작물,300,새송이버섯,317,새송이버섯,00,유기농,07,300g
602,소매,01,특용작물,300,호두,318,수입,00,중품,05,100g
603,소매,01,특용작물,300,아몬드,319,수입,00,중품,05,100g
1479,친환경농산물(신규),07,특용작물,300,양송이버섯,321,양송이버섯,01,무농약,08,130g
1478,친환경농산물(신규),07,특용작물,300,양송이버섯,321,양송이버섯,01,유기농,07,130g
1483,친환경농산물(신규),07,특용작물,300,표고버섯,322,표고버섯,01,무농약,08,100g
1482,친환경농산물(신규),07,특용작물,300,표고버섯,322,표고버섯,01,유기농,07,100g
400,소매,01,과일류,400,사과,411,쓰가루(아오리),06,상품,04,10개
401,소매,01,과일류,400,사과,411,쓰가루(아오리),06,중품,05,10개
402,소매,01,과일류,400,사과,411,홍로,07,상품,04,10개
403,소매,01,과일류,400,사과,411,홍로,07,중품,05,10개
397,소매,01,과일류,400,사과,411,홍옥,01,상품,04,10개
398,소매,01,과일류,400,사과,411,후지,05,상품,04,10개
399,소매,01,과일류,400,사과,411,후지,05,중품,05,10개
200,중도매,02,과일류,400,사과,411,쓰가루(아오리),06,상품,04,10kg
201,중도매,02,과일류,400,사과,411,쓰가루(아오리),06,중품,05,10kg
202,중도매,02,과일류,400,사과,411,홍로,07,상품,04,10kg
203,중도매,02,과일류,400,사과,411,홍로,07,중품,05,10kg
196,중도매,02,과일류,400,사과,411,홍옥,01,상품,04,10kg
197,중도매,02,과일류,400,사과,411,홍옥,01,중품,05,10kg
198,중도매,02,과일류,400,사과,411,후지,05,상품,04,10kg
199,중도매,02,과일류,400,사과,411,후지,05,중품,05,10kg
1475,친환경농산물(신규),07,과일류,400,사과,411,후지,05,무농약,08,1.5kg
1474,친환경농산물(신규),07,과일류,400,사과,411,후지,05,유기농,07,1.5kg
406,소매,01,과일류,400,배,412,만삼길,02,상품,04,10개
404,소매,01,과일류,400,배,412,신고,01,상품,04,10개
405,소매,01,과일류,400,배,412,신고,01,중품,05,10개
409,소매,01,과일류,400,배,412,원황,04,상품,04,10개
410,소매,01,과일류,400,배,412,원황,04,중품,05,10개
407,소매,01,과일류,400,배,412,장십랑,03,상품,04,10개
408,소매,01,과일류,400,배,412,장십랑,03,중품,05,10개
206,중도매,02,과일류,400,배,412,만삼길,02,상품,04,15kg
207,중도매,02,과일류,400,배,412,만삼길,02,중품,05,15kg
204,중도매,02,과일류,400,배,412,신고,01,상품,04,15kg
205,중도매,02,과일류,400,배,412,신고,01,중품,05,15kg
210,중도매,02,과일류,400,배,412,원황,04,상품,04,15kg
211,중도매,02,과일류,400,배,412,원황,04,중품,05,15kg
208,중도매,02,과일류,400,배,412,장십랑,03,상품,04,15kg
209,중도매,02,과일류,400,배,412,장십랑,03,중품,05,15kg
1473,친환경농산물(신규),07,과일류,400,배,412,신고,01,무농약,08,300g
1472,친환경농산물(신규),07,과일류,400,배,412,신고,01,유기농,07,300g
411,소매,01,과일류,400,복숭아,413,백도,01,상품,04,10개
412,소매,01,과일류,400,복숭아,413,백도,01,중품,05,10개
414,소매,01,과일류,400,복숭아,413,유명,05,상품,04,10개
415,소매,01,과일류,400,복숭아,413,유명,05,중품,05,10개
413,소매,01,과일류,400,복숭아,413,창방조생,04,상품,04,10개
212,중도매,02,과일류,400,복숭아,413,백도,01,상품,04,4kg
213,중도매,02,과일류,400,복숭아,413,백도,01,중품,05,4kg
216,중도매,02,과일류,400,복숭아,413,유명,05,상품,04,4kg
217,중도매,02,과일류,400,복숭아,413,유명,05,중품,05,4kg
214,중도매,02,과일류,400,복숭아,413,창방조생,04,상품,04,4kg
215,중도매,02,과일류,400,복숭아,413,창방조생,04,중품,05,4kg
422,소매,01,과일류,400,포도,414,MBA,06,L과,24,1kg
423,소매,01,과일류,400,포도,414,MBA,06,M과,25,1kg
418,소매,01,과일류,400,포도,414,거봉,02,L과,24,2kg
419,소매,01,과일류,400,포도,414,거봉,02,M과,25,2kg
420,소매,01,과일류,400,포도,414,델라웨어,03,상품,04,1kg
421,소매,01,과일류,400,포도,414,델라웨어,03,중품,05,1kg
1116,소매,01,과일류,400,포도,414,레드글로브 칠레(~23.5),08,상품,04,1kg
1048,소매,01,과일류,400,포도,414,레드글로브 칠레(~23.5),08,중품,05,1kg
1117,소매,01,과일류,400,포도,414,레드글로브 페루(~23.5),09,상품,04,1kg
1050,소매,01,과일류,400,포도,414,레드글로브 페루(~23.5),09,중품,05,1kg
1082,소매,01,과일류,400,포도,414,샤인머스켓,12,L과,24,2kg
1083,소매,01,과일류,400,포도,414,샤인머스켓,12,M과,25,2kg
424,소매,01,과일류,400,포도,414,수입,07,중품,05,1kg
416,소매,01,과일류,400,포도,414,캠벨얼리,01,L과,24,1kg
417,소매,01,과일류,400,포도,414,캠벨얼리,01,M과,25,1kg
1118,소매,01,과일류,400,포도,414,톰슨 미국(~23.5),10,상품,04,1kg
1051,소매,01,과일류,400,포도,414,톰슨 미국(~23.5),10,중품,05,1kg
1119,소매,01,과일류,400,포도,414,톰슨 호주(~23.5),11,상품,04,1kg
1052,소매,01,과일류,400,포도,414,톰슨 호주(~23.5),11,중품,05,1kg
224,중도매,02,과일류,400,포도,414,MBA,06,L과,24,5kg
225,중도매,02,과일류,400,포도,414,MBA,06,M과,25,5kg
220,중도매,02,과일류,400,포도,414,거봉,02,L과,24,2kg
221,중도매,02,과일류,400,포도,414,거봉,02,M과,25,2kg
222,중도매,02,과일류,400,포도,414,델라웨어,03,상품,04,6kg
223,중도매,02,과일류,400,포도,414,델라웨어,03,중품,05,6kg
1036,중도매,02,과일류,400,포도,414,레드글로브 칠레(~23.5),08,상품,04,8kg
1037,중도매,02,과일류,400,포도,414,레드글로브 칠레(~23.5),08,중품,05,8kg
1038,중도매,02,과일류,400,포도,414,레드글로브 페루(~23.5),09,상품,04,8kg
1039,중도매,02,과일류,400,포도,414,레드글로브 페루(~23.5),09,중품,05,8kg
1078,중도매,02,과일류,400,포도,414,샤인머스켓,12,L과,24,2kg
1079,중도매,02,과일류,400,포도,414,샤인머스켓,12,M과,25,2kg
226,중도매,02,과일류,400,포도,414,수입,07,상품,04,8kg
227,중도매,02,과일류,400,포도,414,수입,07,중품,05,8kg
218,중도매,02,과일류,400,포도,414,캠벨얼리,01,L과,24,5kg
219,중도매,02,과일류,400,포도,414,캠벨얼리,01,M과,25,5kg
1040,중도매,02,과일류,400,포도,414,톰슨 미국(~23.5),10,상품,04,8kg
1041,중도매,02,과일류,400,포도,414,톰슨 미국(~23.5),10,중품,05,8kg
1042,중도매,02,과일류,400,포도,414,톰슨 호주(~23.5),11,상품,04,8kg
1043,중도매,02,과일류,400,포도,414,톰슨 호주(~23.5),11,중품,05,8kg
1954,친환경농산물(신규),07,과일류,400,포도,414,캠벨얼리,01,무농약,08,1kg
1953,친환경농산물(신규),07,과일류,400,포도,414,캠벨얼리,01,유기농,07,1kg
425,소매,01,과일류,400,감귤,415,감귤,00,상품,04,10개
426,소매,01,과일류,400,감귤,415,감귤,00,중품,05,10개
1013,소매,01,과일류,400,감귤,415,노지,01,M과,15,10개
1014,소매,01,과일류,400,감귤,415,노지,01,S과,16,10개
1015,소매,01,과일류,400,감귤,415,시설,02,M과,15,10개
1016,소매,01,과일류,400,감귤,415,시설,02,S과,16,10개
228,중도매,02,과일류,400,감귤,415,감귤,00,상품,04,10kg
229,중도매,02,과일류,400,감귤,415,감귤,00,중품,05,10kg
1008,중도매,02,과일류,400,감귤,415,노지,01,M과,14,5kg
1007,중도매,02,과일류,400,감귤,415,노지,01,S과,13,5kg
1010,중도매,02,과일류,400,감귤,415,시설,02,M과,14,3kg
1009,중도매,02,과일류,400,감귤,415,시설,02,S과,13,3kg
1469,친환경농산물(신규),07,과일류,400,감귤,415,감귤,00,무농약,08,3kg
1468,친환경농산물(신규),07,과일류,400,감귤,415,감귤,00,유기농,07,3kg
427,소매,01,과일류,400,단감,416,단감,00,상품,04,10개
428,소매,01,과일류,400,단감,416,단감,00,중품,05,10개
232,중도매,02,과일류,400,단감,416,단감,00,상품,04,10kg
233,중도매,02,과일류,400,단감,416,단감,00,중품,05,10kg
1471,친환경농산물(신규),07,과일류,400,단감,416,단감,00,무농약,08,500g
1470,친환경농산물(신규),07,과일류,400,단감,416,단감,00,유기농,07,500g
429,소매,01,과일류,400,바나나,418,수입,02,상품,04,100g
430,소매,01,과일류,400,바나나,418,수입,02,중품,05,100g
234,중도매,02,과일류,400,바나나,418,수입,02,상품,04,13kg
235,중도매,02,과일류,400,바나나,418,수입,02,중품,05,13kg
671,소매,01,과일류,400,참다래,419,국산,01,상품,04,10개
672,소매,01,과일류,400,참다래,419,국산,01,중품,05,10개
673,소매,01,과일류,400,참다래,419,그린 뉴질랜드,02,상품,04,10개
674,소매,01,과일류,400,참다래,419,그린 뉴질랜드,02,중품,05,10개
236,중도매,02,과일류,400,참다래,419,국산,01,상품,04,10kg
237,중도매,02,과일류,400,참다래,419,국산,01,중품,05,10kg
238,중도매,02,과일류,400,참다래,419,그린 뉴질랜드,02,상품,04,10kg
239,중도매,02,과일류,400,참다래,419,그린 뉴질랜드,02,중품,05,10kg
675,소매,01,과일류,400,파인애플,420,수입,02,상품,04,1개
676,소매,01,과일류,400,파인애플,420,수입,02,중품,05,1개
240,중도매,02,과일류,400,파인애플,420,수입,02,상품,04,12kg
241,중도매,02,과일류,400,파인애플,420,수입,02,중품,05,12kg
1053,소매,01,과일류,400,오렌지,421,네이블 EU,05,상품,04,10개
1054,소매,01,과일류,400,오렌지,421,네이블 EU,05,중품,05,10개
433,소매,01,과일류,400,오렌지,421,네이블 미국,03,상품,04,10개
434,소매,01,과일류,400,오렌지,421,네이블 미국,03,중품,05,10개
1055,소매,01,과일류,400,오렌지,421,네이블 호주,06,상품,04,10개
1056,소매,01,과일류,400,오렌지,421,네이블 호주,06,중품,05,10개
435,소매,01,과일류,400,오렌지,421,발렌시아 미국,04,상품,04,10개
436,소매,01,과일류,400,오렌지,421,발렌시아 미국,04,중품,05,10개
431,소매,01,과일류,400,오렌지,421,수입,02,상품,04,10개
432,소매,01,과일류,400,오렌지,421,수입,02,중품,05,10개
1044,중도매,02,과일류,400,오렌지,421,네이블 EU,05,상품,04,18kg
1045,중도매,02,과일류,400,오렌지,421,네이블 EU,05,중품,05,18kg
244,중도매,02,과일류,400,오렌지,421,네이블 미국,03,상품,04,18kg
245,중도매,02,과일류,400,오렌지,421,네이블 미국,03,중품,05,18kg
1046,중도매,02,과일류,400,오렌지,421,네이블 호주,06,상품,04,18kg
1047,중도매,02,과일류,400,오렌지,421,네이블 호주,06,중품,05,18kg
246,중도매,02,과일류,400,오렌지,421,발렌시아 미국,04,상품,04,18kg
247,중도매,02,과일류,400,오렌지,421,발렌시아 미국,04,중품,05,18kg
242,중도매,02,과일류,400,오렌지,421,수입,02,상품,04,18kg
243,중도매,02,과일류,400,오렌지,421,수입,02,중품,05,18kg
604,소매,01,과일류,400,자몽,423,수입,00,상품,04,10개
605,소매,01,과일류,400,자몽,423,수입,00,중품,05,10개
606,소매,01,과일류,400,레몬,424,수입,00,상품,04,10개
607,소매,01,과일류,400,레몬,424,수입,00,중품,05,10개
666,중도매,02,과일류,400,레몬,424,수입,00,상품,04,17kg
667,중도매,02,과일류,400,레몬,424,수입,00,중품,05,17kg
608,소매,01,과일류,400,체리,425,수입,00,상품,04,100g
609,소매,01,과일류,400,체리,425,수입,00,중품,05,100g
664,중도매,02,과일류,400,체리,425,수입,00,상품,04,5kg
665,중도매,02,과일류,400,체리,425,수입,00,중품,05,5kg
610,소매,01,과일류,400,건포도,426,수입,00,중품,05,100g
611,소매,01,과일류,400,건블루베리,427,수입,00,중품,05,100g
677,소매,01,과일류,400,망고,428,수입,00,상품,04,1개
678,소매,01,과일류,400,망고,428,수입,00,중품,05,1개
669,중도매,02,과일류,400,망고,428,수입,00,상품,04,5kg
670,중도매,02,과일류,400,망고,428,수입,00,중품,05,5kg
1967,친환경농산물(신규),07,과일류,400,블루베리,429,블루베리,01,무농약,08,100g
1966,친환경농산물(신규),07,과일류,400,블루베리,429,블루베리,01,유기농,07,100g
2009,소매,01,과일류,400,아보카도,430,수입,00,상품,04,1개
2104,소매,01,수산물,600,고등어,611,국산(냉동),06,中,21,1마리
2103,소매,01,수산물,600,고등어,611,국산(냉동),06,大,20,1마리
2105,소매,01,수산물,600,고등어,611,국산(냉동),06,小,22,1마리
2101,소매,01,수산물,600,고등어,611,국산(신선 냉장),05,中,21,1마리
2100,소매,01,수산물,600,고등어,611,국산(신선 냉장),05,大,20,1마리
2102,소매,01,수산물,600,고등어,611,국산(신선 냉장),05,小,22,1마리
464,소매,01,수산물,600,고등어,611,국산(염장),03,중품,05,1손
463,소매,01,수산물,600,고등어,611,냉동,02,중품,05,1마리
939,소매,01,수산물,600,고등어,611,냉동(수입),04,중품,05,1마리
462,소매,01,수산물,600,고등어,611,생선,01,중품,05,1마리
2108,소매,01,수산물,600,고등어,611,수입산(냉동),07,中,21,1마리
2107,소매,01,수산물,600,고등어,611,수입산(냉동),07,大,20,1마리
2106,소매,01,수산물,600,고등어,611,수입산(냉동),07,특大,19,1마리
2810,소매,01,수산물,600,고등어,611,수입산(염장),08,大,20,1손
251,중도매,02,수산물,600,고등어,611,냉동,02,중품,05,10kg
936,중도매,02,수산물,600,고등어,611,냉동(수입),04,중품,05,20kg
250,중도매,02,수산물,600,고등어,611,생선,01,중품,05,10kg
949,소매,01,수산물,600,꽁치,612,냉동(수입),01,중품,05,5마리
2111,소매,01,수산물,600,갈치,613,국산(냉동),04,中,21,1마리
2807,소매,01,수산물,600,갈치,613,국산(냉동),04,大,20,1마리
2112,소매,01,수산물,600,갈치,613,국산(냉동),04,小,22,1마리
2109,소매,01,수산물,600,갈치,613,국산(냉장),03,中,21,1마리
2806,소매,01,수산물,600,갈치,613,국산(냉장),03,大,20,1마리
2110,소매,01,수산물,600,갈치,613,국산(냉장),03,小,22,1마리
466,소매,01,수산물,600,갈치,613,냉동,02,중품,05,1마리
465,소매,01,수산물,600,갈치,613,생선,01,중품,05,1마리
2114,소매,01,수산물,600,갈치,613,수입산(냉동),05,中,21,1마리
2113,소매,01,수산물,600,갈치,613,수입산(냉동),05,大,20,1마리
253,중도매,02,수산물,600,갈치,613,냉동,02,中,21,1kg
2805,중도매,02,수산물,600,갈치,613,냉동,02,大,20,1kg
252,중도매,02,수산물,600,갈치,613,생선,01,中,21,1kg
2803,중도매,02,수산물,600,갈치,613,생선,01,大,20,1kg
2811,소매,01,수산물,600,조기,614,굴비,07,中,21,1마리
467,소매,01,수산물,600,조기,614,생선,01,중품,05,1마리
2121,소매,01,수산물,600,조기,614,참조기(냉동),06,中,21,1마리
2122,소매,01,수산물,600,조기,614,참조기(냉동),06,小,22,1마리
468,소매,01,수산물,600,조기,614,참조기(냉동),04,중품,05,1마리
2119,소매,01,수산물,600,조기,614,참조기(신선 냉장),05,中,21,1마리
2120,소매,01,수산물,600,조기,614,참조기(신선 냉장),05,小,22,1마리
254,중도매,02,수산물,600,조기,614,생선,01,중품,05,1kg
255,중도매,02,수산물,600,조기,614,참조기(냉동),04,중품,05,1kg
470,소매,01,수산물,600,명태,615,냉동,02,중품,05,1마리
2118,소매,01,수산물,600,명태,615,냉동(원양수입통합),04,中,21,1마리
2117,소매,01,수산물,600,명태,615,냉동(원양수입통합),04,大,20,1마리
2745,소매,01,수산물,600,명태,615,냉동가공,05,中,21,1kg
469,소매,01,수산물,600,명태,615,생선,01,중품,05,1마리
2116,소매,01,수산물,600,명태,615,원양산(냉동),03,中,21,1마리
2115,소매,01,수산물,600,명태,615,원양산(냉동),03,大,20,1마리
257,중도매,02,수산물,600,명태,615,냉동,02,中,21,20kg
2809,중도매,02,수산물,600,명태,615,냉동,02,大,20,20kg
256,중도매,02,수산물,600,명태,615,생선,01,중품,05,20kg
2802,소매,01,수산물,600,삼치,616,냉동,02,中,21,1마리
2801,중도매,02,수산물,600,삼치,616,냉동,02,中,21,1kg
472,소매,01,수산물,600,물오징어,619,냉동,02,중품,05,1마리
471,소매,01,수산물,600,물오징어,619,생선,01,중품,05,1마리
2096,소매,01,수산물,600,물오징어,619,연근해(냉동),04,中,21,1마리
2097,소매,01,수산물,600,물오징어,619,연근해(냉동),04,小,22,1마리
2094,소매,01,수산물,600,물오징어,619,연근해(신선 냉장),03,中,21,1마리
2095,소매,01,수산물,600,물오징어,619,연근해(신선 냉장),03,小,22,1마리
2098,소매,01,수산물,600,물오징어,619,원양(냉동),05,中,21,1마리
2099,소매,01,수산물,600,물오징어,619,원양(냉동),05,小,22,1마리
259,중도매,02,수산물,600,물오징어,619,냉동,02,중품,05,1kg
258,중도매,02,수산물,600,물오징어,619,생선,01,중품,05,1kg
3081,중도매,02,수산물,600,물오징어,619,연근해(냉동),04,중품,05,1kg
3082,중도매,02,수산물,600,물오징어,619,원양(냉동),05,중품,05,1kg
2814,소매,01,수산물,600,마른멸치,638,마른멸치,00,대멸,27,100g
2815,소매,01,수산물,600,마른멸치,638,마른멸치,00,세멸,29,100g
473,소매,01,수산물,600,마른멸치,638,마른멸치,00,중멸,28,100g
2812,중도매,02,수산물,600,마른멸치,638,마른멸치,00,대멸,27,1.5kg
2813,중도매,02,수산물,600,마른멸치,638,마른멸치,00,세멸,29,1.5kg
260,중도매,02,수산물,600,마른멸치,638,마른멸치,00,중멸,28,1.5kg
475,소매,01,수산물,600,김,641,마른김,00,중품,05,10장
1017,소매,01,수산물,600,김,641,얼구운김,01,중품,05,10장
264,중도매,02,수산물,600,김,641,마른김,00,중품,05,1속
476,소매,01,수산물,600,마른미역,642,마른미역,00,상품,04,100g
265,중도매,02,수산물,600,마른미역,642,마른미역,00,상품,04,1kg
477,소매,01,수산물,600,굴,644,굴,00,상품,04,1kg
267,중도매,02,수산물,600,굴,644,굴,00,상품,04,1kg
479,소매,01,수산물,600,수입조기,649,부세수입(냉동),04,중품,05,1마리
478,소매,01,수산물,600,수입조기,649,부세수입(생선),01,중품,05,1마리
271,중도매,02,수산물,600,수입조기,649,부세수입(냉동),04,중품,05,1kg
270,중도매,02,수산물,600,수입조기,649,부세수입(생선),01,중품,05,1kg
683,소매,01,수산물,600,새우젓,650,새우젓,00,상품,04,1kg
684,소매,01,수산물,600,멸치액젓,651,멸치액젓,00,상품,04,1kg
685,소매,01,수산물,600,천일염,652,천일염,00,상품,04,5kg
940,소매,01,수산물,600,전복,653,전복,00,중품,05,5마리
937,중도매,02,수산물,600,전복,653,전복,00,중품,05,1kg
941,소매,01,수산물,600,새우,654,흰다리(수입),01,중품,05,10마리
938,중도매,02,수산물,600,새우,654,흰다리(수입),01,중품,05,2kg
2894,소매,01,수산물,600,홍합,658,깐홍합(냉장),01,상품,04,100g
2896,소매,01,수산물,600,홍합,658,안깐홍합(냉장),02,상품,04,1kg
2893,중도매,02,수산물,600,홍합,658,깐홍합(냉장),01,상품,04,1kg
2895,중도매,02,수산물,600,홍합,658,안깐홍합(냉장),02,상품,04,1kg
2892,소매,01,수산물,600,가리비,659,해만가리비(홍가리비),01,상품,04,1kg
2891,중도매,02,수산물,600,가리비,659,해만가리비(홍가리비),01,상품,04,1kg
2890,소매,01,수산물,600,건다시마,660,완도산,01,상품,04,100g
2889,중도매,02,수산물,600,건다시마,660,완도산,01,상품,04,1kg
